,Mika,Jeff
0,17.095000000000002,9.8625
1,19.725,17.095000000000002
total,36.82,26.96
